userId,regDayNum,avgSessionTimeNum,minSessionTimeNum,maxSessionTimeNum,avgSessionSongsNum,sessionCountNum,genderNum,levelNum,freqSubmitDowngradeNum,freqThumbsDownNum,freqHomeNum,freqDowngradeNum,freqRollAdvertNum,freqLogoutNum,freqSaveSettingsNum,freqAboutNum,freqSettingsNum,freqAddtoPlaylistNum,freqAddFriendNum,freqNextSongNum,freqThumbsUpNum,freqHelpNum,freqUpgradeNum,freqErrorNum,freqSubmitUpgradeNum,aritstCountNum,churnNum
200008,115.18382,452.27554,17.183332,1206.3833,111.26667,15.0,1.0,1.0,0.0,2.5844932,3.528827,1.192843,0.19880715,1.0934393,0.099403575,0.4473161,0.4970179,2.2365806,1.3419483,82.952286,3.3797216,0.19880715,0.049701788,0.14910537,0.049701788,1159.0,0.0
200009,58.83949,267.12112,0.0,783.65,64.2,15.0,0.0,0.0,0.08347245,2.6711185,3.3388982,0.41736227,2.754591,1.5025042,0.08347245,0.0,0.6677796,2.2537563,1.6694491,80.38397,3.4223707,0.5843072,0.08347245,0.0,0.08347245,746.0,0.0
