userId,regDayNum,avgSessionTimeNum,minSessionTimeNum,maxSessionTimeNum,avgSessionSongsNum,sessionCountNum,genderNum,levelNum,freqSubmitDowngradeNum,freqThumbsDownNum,freqHomeNum,freqDowngradeNum,freqRollAdvertNum,freqLogoutNum,freqSaveSettingsNum,freqAboutNum,freqSettingsNum,freqAddtoPlaylistNum,freqAddFriendNum,freqNextSongNum,freqThumbsUpNum,freqHelpNum,freqUpgradeNum,freqErrorNum,freqSubmitUpgradeNum,aritstCountNum,churnNum
30,63.066643,183.59427,0.0,1089.0333,50.607143,32.0,0.0,1.0,0.056338027,0.9577465,3.943662,0.33802816,4.056338,1.1267606,0.056338027,0.16901408,0.73239434,2.6478872,1.4084507,79.830986,3.4929578,0.28169015,0.7887324,0.056338027,0.056338027,1018.0,0.0
300001,188.31178,382.05264,0.0,1418.25,102.882355,19.0,1.0,1.0,0.0,0.78413284,3.597786,0.41512915,0.27675277,1.0147601,0.13837638,0.04612546,0.78413284,3.1826568,1.3837638,80.67343,6.826568,0.50738007,0.09225092,0.13837638,0.04612546,1201.0,1.0
