userId,regDayNum,avgSessionTimeNum,minSessionTimeNum,maxSessionTimeNum,avgSessionSongsNum,sessionCountNum,genderNum,levelNum,freqSubmitDowngradeNum,freqThumbsDownNum,freqHomeNum,freqDowngradeNum,freqRollAdvertNum,freqLogoutNum,freqSaveSettingsNum,freqAboutNum,freqSettingsNum,freqAddtoPlaylistNum,freqAddFriendNum,freqNextSongNum,freqThumbsUpNum,freqHelpNum,freqUpgradeNum,freqErrorNum,freqSubmitUpgradeNum,aritstCountNum,churnNum
119,188.85927,120.66944,29.8,277.13333,28.833334,6.0,1.0,0.0,0.0,0.44843048,4.9327354,0.0,4.0358744,0.89686096,0.44843048,0.44843048,1.3452915,2.2421525,1.7937219,77.578476,3.1390135,1.3452915,0.89686096,0.44843048,0.0,166.0,0.0
12,73.004524,457.5426,31.1,1420.4667,96.333336,9.0,1.0,1.0,0.09398496,0.84586465,4.3233085,0.4699248,1.9736842,1.0338346,0.09398496,0.28195488,0.65789473,1.7857143,1.2218045,81.48496,3.9473684,0.56390977,0.65789473,0.18796992,0.18796992,697.0,1.0
