userId,regDayNum,avgSessionTimeNum,minSessionTimeNum,maxSessionTimeNum,avgSessionSongsNum,sessionCountNum,genderNum,levelNum,freqSubmitDowngradeNum,freqThumbsDownNum,freqHomeNum,freqDowngradeNum,freqRollAdvertNum,freqLogoutNum,freqSaveSettingsNum,freqAboutNum,freqSettingsNum,freqAddtoPlaylistNum,freqAddFriendNum,freqNextSongNum,freqThumbsUpNum,freqHelpNum,freqUpgradeNum,freqErrorNum,freqSubmitUpgradeNum,aritstCountNum,churnNum
10,51.76265,459.74722,91.416664,1547.9166,112.166664,6.0,0.0,1.0,0.0,0.5031447,3.7735848,0.8805031,0.12578617,1.3836478,0.12578617,0.25157234,0.8805031,1.1320754,1.509434,84.65409,4.654088,0.12578617,0.0,0.0,0.0,565.0,0.0
100,64.87377,316.51904,0.0,1019.5833,78.882355,35.0,0.0,1.0,0.031113876,0.84007466,3.266957,0.9334163,0.77784693,1.0889857,0.15556939,0.37336653,0.34225264,1.8979465,1.52458,83.44742,4.6048536,0.5600498,0.031113876,0.09334163,0.031113876,1705.0,0.0
