userId,regDayNum,avgSessionTimeNum,minSessionTimeNum,maxSessionTimeNum,avgSessionSongsNum,sessionCountNum,genderNum,levelNum,freqSubmitDowngradeNum,freqThumbsDownNum,freqHomeNum,freqDowngradeNum,freqRollAdvertNum,freqLogoutNum,freqSaveSettingsNum,freqAboutNum,freqSettingsNum,freqAddtoPlaylistNum,freqAddFriendNum,freqNextSongNum,freqThumbsUpNum,freqHelpNum,freqUpgradeNum,freqErrorNum,freqSubmitUpgradeNum,aritstCountNum,churnNum
91,116.02527,1179.9,62.5,4455.0835,286.66666,9.0,0.0,1.0,0.0,0.796284,2.986065,0.729927,0.1658925,1.0285335,0.0331785,0.1658925,0.398142,2.123424,1.393497,85.60053,4.114134,0.29860651,0.0331785,0.0995355,0.0331785,1618.0,0.0
92,83.528854,284.71222,0.0,1890.35,70.77381,86.0,1.0,0.0,0.013831259,0.9958506,3.6791148,0.9405256,1.175657,1.0788382,0.1383126,0.29045644,0.71922547,2.5034578,1.5214385,82.22683,4.0387278,0.5532504,0.0691563,0.041493777,0.013831259,2904.0,0.0
