userId,regDayNum,avgSessionTimeNum,minSessionTimeNum,maxSessionTimeNum,avgSessionSongsNum,sessionCountNum,genderNum,levelNum,freqSubmitDowngradeNum,freqThumbsDownNum,freqHomeNum,freqDowngradeNum,freqRollAdvertNum,freqLogoutNum,freqSaveSettingsNum,freqAboutNum,freqSettingsNum,freqAddtoPlaylistNum,freqAddFriendNum,freqNextSongNum,freqThumbsUpNum,freqHelpNum,freqUpgradeNum,freqErrorNum,freqSubmitUpgradeNum,aritstCountNum,churnNum
41,110.77248,657.67224,0.016666668,2278.2,157.83333,12.0,1.0,1.0,0.0,0.45045045,2.8828828,1.036036,0.045045044,0.9009009,0.13513513,0.13513513,0.4054054,2.7477477,1.6216216,85.315315,3.4234235,0.8558559,0.0,0.045045044,0.0,1319.0,0.0
42,67.11365,329.56277,0.0,1104.0,87.14634,47.0,1.0,1.0,0.0,0.58726805,4.134367,0.86915666,0.23490721,1.0335917,0.16443504,0.14094433,0.6577402,2.443035,1.2215174,83.93235,3.8994596,0.46981442,0.023490721,0.16443504,0.023490721,2073.0,0.0
